time_utc,iface,rx_bytes,rx_packets,tx_bytes,tx_packets,ctxt,intr,softirq_net_rx,softirq_net_tx,tcp_insegs,tcp_outsegs,tcp_retranssegs,tcp_estab,proc_rss_kb,proc_vsz_kb
2025-12-31T08:21:37Z,eth0,130779929512,645575270,131166972656,646272588,454799204,891499786,590094464,6853,645566131,644925370,2078183,4384,1149616,7694240
2025-12-31T08:21:38Z,eth0,130794655028,645682190,131181655805,646379213,455059721,891707964,590237501,6853,645673668,645032660,2078183,4512,1149616,7695520
2025-12-31T08:21:39Z,eth0,130813963659,645822297,131200992050,646519383,455353851,891967276,590422357,6853,645814645,645173623,2078183,4512,1149808,7695520
2025-12-31T08:21:40Z,eth0,130837534874,645993469,131224547196,646690328,455704346,892277724,590645690,6853,645986432,645345209,2078183,4640,1142780,7691792
2025-12-31T08:21:41Z,eth0,130865439187,646196035,131252427468,646892627,456098174,892635569,590905181,6853,646189289,645547837,2078183,4768,1143356,7691792
2025-12-31T08:21:42Z,eth0,130897626756,646429494,131284559315,647125732,456464642,893037811,591206104,6853,646422971,645781240,2078183,4896,1143740,7699984
2025-12-31T08:21:43Z,eth0,130934123778,646694477,131321064106,647390599,456747021,893476084,591543953,6853,646687931,646045894,2078183,5024,1144892,7705616
2025-12-31T08:21:44Z,eth0,130975000446,646990920,131361878599,647686592,456929055,893947759,591920545,6853,646985322,646342763,2078183,5152,1145612,7700644
2025-12-31T08:21:46Z,eth0,131020019192,647316588,131406659115,648011351,457007579,894448030,592331583,6853,647311934,646668661,2078184,5280,1149804,7704740
2025-12-31T08:21:47Z,eth0,131059093326,647601273,131445827844,648295966,457095582,894890980,592694136,6864,647594918,646949609,2080105,5408,1154396,7712420
2025-12-31T08:21:48Z,eth0,131089013750,647821689,131476067777,648518091,457186978,895236965,592973767,6875,647815549,647167630,2084439,5408,1155176,7712932
2025-12-31T08:21:49Z,eth0,131123447810,648073701,131511342367,648775396,457285006,895636081,593297900,6877,648064347,647419052,2087138,5536,1153236,7708576
2025-12-31T08:21:50Z,eth0,131155847129,648311912,131543534130,649012050,457360902,896002758,593597564,6898,648306325,647654695,2092017,5664,1161608,7734432
2025-12-31T08:21:51Z,eth0,131187340145,648544702,131575535438,649248116,457482975,896370448,593894087,6909,648539000,647885145,2097464,5792,1161648,7733152
2025-12-31T08:21:52Z,eth0,131219814438,648784965,131608693799,649492458,457620199,896752200,594201858,6928,648779130,648123412,2103393,5920,1160604,7724960
2025-12-31T08:21:53Z,eth0,131253293156,649031730,131642783813,649745885,457810973,897149794,594521510,6941,649026382,648371206,2109556,6048,1162816,7729312
2025-12-31T08:21:55Z,eth0,131285790257,649272545,131676065439,649994069,457971244,897537498,594832827,6958,649266576,648612197,2116234,6176,1163996,7731692
2025-12-31T08:21:56Z,eth0,131318888739,649517553,131710641879,650253142,458146510,897938323,595154189,6976,649510446,648865129,2123385,6304,1174524,7743968
2025-12-31T08:21:57Z,eth0,131348771032,649740121,131741950577,650488983,458387704,898311298,595448120,6997,649731701,649090184,2130670,6304,1169936,7730296
2025-12-31T08:21:58Z,eth0,131379416727,649970696,131773146679,650724377,458621835,898681026,595742236,7027,649964105,649316851,2141415,6432,1166728,7739020
2025-12-31T08:21:59Z,eth0,131409519056,650198018,131804590433,650963949,458909662,899057972,596036125,7058,650191398,649544622,2153161,6560,1169428,7748952
2025-12-31T08:22:00Z,eth0,131442187131,650440739,131839225246,651227267,459037061,899454005,596352123,7083,650434718,649800408,2161514,6688,1178740,7762832
2025-12-31T08:22:01Z,eth0,131472574986,650669372,131872132388,651481092,459346342,899845525,596655730,7131,650665536,650041388,2174589,6816,1180664,7765616
2025-12-31T08:22:02Z,eth0,131504825878,650913511,131907177298,651750433,459572452,900251730,596975496,7157,650904996,650298192,2184220,6944,1189420,7775936
2025-12-31T08:22:04Z,eth0,131534473961,651138926,131937331973,651981407,459793038,900610689,597258430,7202,651134004,650519482,2197867,7072,1183492,7753260
2025-12-31T08:22:05Z,eth0,131565869475,651376337,131970793559,652242220,460065773,901005986,597567284,7245,651370668,650763181,2212700,7200,1191432,7784532
2025-12-31T08:22:06Z,eth0,131595198825,651600167,132003844503,652498070,460294736,901390058,597865866,7278,651590930,651005663,2223587,7200,1193756,7785640
2025-12-31T08:22:07Z,eth0,131628698267,651853019,132038170330,652767397,460555548,901799507,598183498,7322,651846320,651263024,2238596,7328,1201148,7822036
2025-12-31T08:22:08Z,eth0,131656607547,652067862,132070147421,653015154,460765981,902164965,598466057,7362,652058755,651496102,2250697,7456,1207080,7827456
2025-12-31T08:22:09Z,eth0,131689322023,652318813,132105642207,653293446,461089029,902585146,598784721,7415,652309835,651757775,2267229,7584,1223024,7849876
2025-12-31T08:22:10Z,eth0,131719181304,652549056,132136751092,653539373,461294485,902948369,599066982,7472,652542672,651990134,2284019,7712,1234948,7867640
2025-12-31T08:22:11Z,eth0,131750968901,652789655,132173468027,653839127,461455267,903369134,599389759,7510,652782633,652279131,2296219,7840,1267492,7901852
2025-12-31T08:22:13Z,eth0,131782240733,653030168,132206702711,654106332,461737902,903763199,599689507,7570,653022819,652527698,2314229,7968,1286228,7922796
2025-12-31T08:22:14Z,eth0,131811839599,653257813,132242413320,654396086,461922733,904161722,599993358,7606,653249514,652800787,2327532,7969,1295020,7927576
2025-12-31T08:22:15Z,eth0,131843516142,653503194,132277824533,654680988,462158047,904563283,600300436,7674,653494846,653066969,2346534,7969,1315704,7961528
2025-12-31T08:22:16Z,eth0,131873027346,653732094,132309514228,654935861,462338919,904924330,600578299,7741,653726119,653306588,2364996,7970,1323196,7966032
2025-12-31T08:22:17Z,eth0,131904572265,653972258,132346729843,655239210,462523851,905346313,600902691,7784,653964804,653593923,2378479,7971,1331336,7975400
2025-12-31T08:22:18Z,eth0,131933879448,654198028,132378372682,655499091,462726619,905710226,601180956,7843,654194219,653839418,2396747,7972,1341568,7988328
2025-12-31T08:22:19Z,eth0,131964907609,654436042,132414901056,655794881,462969974,906127083,601498492,7889,654427315,654116422,2410273,7973,1341464,7988204
2025-12-31T08:22:20Z,eth0,131994666015,654668227,132448483182,656067119,463214979,906514284,601791762,7958,654665036,654371909,2431928,7974,1371068,8021220
2025-12-31T08:22:22Z,eth0,132026790632,654915595,132484012262,656352918,463472398,906923445,602104477,8014,654911065,654638468,2450380,7975,1381952,8038116
2025-12-31T08:22:23Z,eth0,132059468972,655168320,132521319216,656658120,463723332,907349385,602428396,8074,655159234,654922658,2466956,7975,1391948,8054448
2025-12-31T08:22:24Z,eth0,132090782464,655409025,132555532619,656937512,463896774,907737700,602728413,8139,655402821,655187704,2485288,7976,1393388,8050296
2025-12-31T08:22:25Z,eth0,132123158958,655658930,132592638752,657230802,464213360,908159061,603049485,8181,655650463,655458571,2504534,7977,1394364,8037080
2025-12-31T08:22:26Z,eth0,132153383925,655891395,132625087963,657493872,464402653,908526551,603333550,8257,655884658,655706544,2522658,7978,1401356,8067752
2025-12-31T08:22:27Z,eth0,132183676597,656124905,132660052517,657778689,464657356,908924926,603636681,8324,656121884,655971624,2541649,7979,1404572,8070656
2025-12-31T08:22:28Z,eth0,132216481039,656375039,132697653276,658090460,464797200,909350280,603965532,8365,656368173,656271541,2554458,7980,1419120,8085524
2025-12-31T08:22:29Z,eth0,132247494742,656615292,132732381644,658370443,465034790,909748013,604269634,8411,656608877,656532904,2573363,7981,1418804,8076864
2025-12-31T08:22:31Z,eth0,132277641026,656849431,132766468890,658646376,465271341,910136502,604563200,8467,656842595,656789421,2592212,7982,1427868,8094992
2025-12-31T08:22:32Z,eth0,132308916153,657088794,132803612447,658950270,465471274,910558213,604886573,8512,657079836,657076398,2605716,7983,1428836,8090256
2025-12-31T08:22:33Z,eth0,132339315879,657323524,132836336282,659214610,465659633,910928589,605171531,8572,657316989,657325906,2624093,7984,1432332,8107540
2025-12-31T08:22:34Z,eth0,132369724734,657554880,132871941853,659506002,465906234,911341213,605484904,8617,657546371,657600481,2637734,7984,1436744,8114520
2025-12-31T08:22:35Z,eth0,132401644335,657802165,132908252198,659797186,466090746,911744515,605795121,8676,657795040,657874172,2656902,7985,1450704,8125716
2025-12-31T08:22:36Z,eth0,132432352531,658041145,132942215132,660067787,466381464,912135998,606093151,8740,658032520,658124216,2675815,7985,1456168,8144240
2025-12-31T08:22:37Z,eth0,132463048533,658279555,132976269193,660340631,466651779,912524237,606388092,8808,658271172,658378038,2695050,7987,1464704,8150940
2025-12-31T08:22:38Z,eth0,132493522511,658514980,133009279783,660608152,466840286,912899350,606676761,8872,658508614,658630584,2713239,7988,1469160,8151860
2025-12-31T08:22:40Z,eth0,132524426846,658750053,133043925448,660890535,467096675,913303267,606983652,8920,658743019,658894808,2730387,7989,1483412,8182524
2025-12-31T08:22:41Z,eth0,132553482758,658973645,133078191710,661167528,467360324,913701584,607289784,8969,658973849,659158768,2747575,7990,1495124,8202000
2025-12-31T08:22:42Z,eth0,132586356473,659228328,133115949558,661474744,467589430,914129584,607615058,9024,659220054,659444278,2763031,7990,1501764,8207984
2025-12-31T08:22:43Z,eth0,132617696119,659472385,133148546598,661734208,467885826,914506844,607901966,9109,659465746,659683195,2786861,7991,1502876,8206924
2025-12-31T08:22:44Z,eth0,132649335923,659714748,133185189923,662032092,468125411,914923228,608220931,9168,659711941,659962116,2805698,7992,1507696,8219896
2025-12-31T08:22:45Z,eth0,132680318315,659954203,133221170390,662322381,468344367,915329389,608532124,9211,659945516,660235476,2819087,7993,1519000,8226596
2025-12-31T08:22:46Z,eth0,132713492874,660210298,133256249815,662603535,468648967,915734580,608842599,9295,660203804,660497523,2843337,7994,1521744,8241740
2025-12-31T08:22:48Z,eth0,132744153737,660448223,133290779323,662877379,468847081,916121869,609138592,9349,660441812,660751972,2861077,7995,1528176,8235908
2025-12-31T08:22:49Z,eth0,132775754543,660692413,133326408078,663165545,469102624,916528957,609450540,9414,660686265,661021951,2879631,7996,1530944,8240832
2025-12-31T08:22:50Z,eth0,132807340530,660936163,133362362897,663454746,469370281,916940527,609764961,9472,660928738,661292237,2898115,7996,1539100,8263180
2025-12-31T08:22:51Z,eth0,132837298557,661168653,133396003662,663724547,469686568,917327697,610055619,9529,661159538,661539031,2917374,7998,1542848,8259440
2025-12-31T08:22:52Z,eth0,132866424957,661392512,133429180252,663994626,469859114,917703497,610346003,9584,661389580,661796167,2935185,7999,1550008,8269956
2025-12-31T08:22:53Z,eth0,132898569009,661641654,133464422346,664279685,470097548,918105282,610651608,9648,661635486,662062523,2953294,7999,1565912,8292908
2025-12-31T08:22:54Z,eth0,132928220033,661868142,133499527871,664565582,470326624,918506287,610955398,9690,661859089,662330462,2967055,8000,1573756,8295684
2025-12-31T08:22:55Z,eth0,132960944064,662121189,133536494911,664867274,470568402,918925187,611275437,9747,662112520,662613581,2986105,8000,1575656,8295668
2025-12-31T08:22:57Z,eth0,132991282169,662355467,133569239383,665133762,470757770,919305154,611565732,9818,662349559,662865636,3004534,8000,1587264,8309768
2025-12-31T08:22:58Z,eth0,133021579576,662590316,133604197697,665416740,470993581,919698983,611862361,9874,662585237,663127271,3023653,8000,1598288,8322588
2025-12-31T08:22:59Z,eth0,133053603838,662837750,133640135111,665706172,471261803,920110609,612176032,9928,662834184,663398929,3042713,8000,1610792,8351504
2025-12-31T08:23:00Z,eth0,133083621146,663068357,133674537058,665983752,471482453,920509446,612481350,9969,663066891,663662571,3059406,8000,1624660,8369424
2025-12-31T08:23:01Z,eth0,133117577773,663328310,133712856889,666296717,471702610,920939127,612811204,10027,663320463,663955116,3075028,8000,1628352,8367368
2025-12-31T08:23:02Z,eth0,133148132807,663564997,133746920529,666569126,471937777,921324576,613107291,10102,663557626,664209719,3094004,8000,1634380,8380664
2025-12-31T08:23:03Z,eth0,133179128180,663804819,133781619850,666845994,472194354,921719195,613411224,10153,663797725,664469423,3112084,8000,1636544,8379204
2025-12-31T08:23:04Z,eth0,133209623899,664042056,133815584227,667120063,472478587,922110268,613708580,10216,664033635,664721835,3131240,8000,1643992,8385384
2025-12-31T08:23:06Z,eth0,133238796549,664268391,133847447783,667378615,472646303,922469074,613984552,10270,664261607,664964603,3149631,8000,1639564,8382788
2025-12-31T08:23:07Z,eth0,133271110711,664513837,133884124814,667672456,472942498,922890172,614306355,10317,664506397,665239439,3167798,8000,1642796,8388968
2025-12-31T08:23:08Z,eth0,133300187856,664741235,133916904826,667937650,473184917,923269964,614594370,10376,664739421,665488153,3186313,8000,1646048,8383720
2025-12-31T08:23:09Z,eth0,133331648544,664985529,133950962329,668209549,473496297,923665397,614895906,10433,664980668,665741041,3205264,8000,1650632,8398716
2025-12-31T08:23:10Z,eth0,133361971881,665218434,133986992765,668505204,473711807,924075757,615208798,10480,665209380,666018708,3218604,8000,1660324,8414148
2025-12-31T08:23:11Z,eth0,133394006319,665465325,134022507957,668791790,473915617,924476439,615518099,10545,665458205,666290353,3237774,8000,1660092,8413892
2025-12-31T08:23:12Z,eth0,133424440265,665701976,134055991159,669061757,474177336,924864041,615812939,10603,665694947,666541975,3256363,8000,1667308,8421560
2025-12-31T08:23:13Z,eth0,133455388183,665941948,134090854753,669337477,474483120,925261540,616114562,10663,665934718,666795779,3275920,8000,1670164,8423236
2025-12-31T08:23:15Z,eth0,133484515048,666169438,134122200425,669589917,474688567,925622649,616391478,10727,666162898,667031581,3294601,8000,1677668,8425756
2025-12-31T08:23:16Z,eth0,133514651188,666401678,134157316798,669875296,474950606,926025633,616699415,10775,666397623,667297963,3313199,8000,1677716,8418252
2025-12-31T08:23:17Z,eth0,133547080890,666651206,134194332186,670176061,475169664,926443602,617020447,10815,666642377,667581310,3327182,8000,1682900,8441368
2025-12-31T08:23:18Z,eth0,133578457935,666893978,134228180394,670448618,475396104,926832862,617321741,10884,666887162,667840136,3345902,8000,1685820,8442640
2025-12-31T08:23:19Z,eth0,133607701455,667120358,134261031993,670713868,475627957,927205347,617604377,10950,667116795,668084805,3364839,8000,1690784,8455472
2025-12-31T08:23:20Z,eth0,133640230987,667368941,134299226926,671023604,475807813,927633275,617935155,11000,667360590,668378147,3378560,8000,1693548,8448408
2025-12-31T08:23:21Z,eth0,133670753740,667606385,134332506303,671295635,476071092,928022552,618233495,11064,667600298,668637193,3397424,8000,1699084,8470856
2025-12-31T08:23:22Z,eth0,133700872589,667841283,134365925097,671565948,476302428,928405741,618524247,11141,667834459,668885439,3416299,8000,1711956,8475524
2025-12-31T08:23:24Z,eth0,133732227346,668083142,134401248242,671851106,476541839,928805621,618827432,11192,668076345,669151700,3434929,8000,1719100,8479540
2025-12-31T08:23:25Z,eth0,133763104658,668318776,134437677577,672148226,476754387,929220685,619145939,11241,668310354,669432715,3448402,8000,1721300,8475448
2025-12-31T08:23:26Z,eth0,133793765290,668556330,134471808971,672424705,477014110,929609344,619442442,11297,668547785,669690105,3467370,8000,1735320,8508568
2025-12-31T08:23:27Z,eth0,133826020540,668804969,134507245331,672715336,477180695,930007781,619750374,11366,668797906,669965060,3485839,8000,1746416,8528640
2025-12-31T08:23:28Z,eth0,133857087491,669045256,134541744834,672994031,477446925,930407810,620054872,11430,669039063,670225128,3504858,8000,1758664,8556264
2025-12-31T08:23:29Z,eth0,133885858737,669268186,134575955604,673270539,477684827,930804340,620358092,11482,669268938,670488165,3522549,8000,1764904,8557040
2025-12-31T08:23:30Z,eth0,133918885511,669522785,134613459520,673577381,477894999,931228878,620680890,11527,669514575,670773143,3537518,8000,1770912,8558552
2025-12-31T08:23:32Z,eth0,133949696328,669760651,134646880088,673849557,478097142,931613100,620977039,11586,669754172,671029565,3555923,8000,1788588,8571812
2025-12-31T08:23:33Z,eth0,133980385576,669999743,134682729364,674138151,478395327,932021282,621283925,11640,669991673,671295952,3575614,8000,1797200,8565964
2025-12-31T08:23:34Z,eth0,134010379577,670232721,134716051046,674405920,478668310,932404940,621575180,11708,670223516,671543623,3594500,8000,1807048,8602400
2025-12-31T08:23:35Z,eth0,134039936909,670458118,134749591864,674678839,478821881,932790199,621872463,11742,670449800,671804710,3607204,8000,1811768,8598928
2025-12-31T08:23:36Z,eth0,134072661027,670710111,134785863884,674971071,478986750,933197082,622188052,11805,670703089,672082097,3626048,8000,1810448,8609848
2025-12-31T08:23:37Z,eth0,134104265131,670953457,134820106902,675247470,479243161,933593560,622489030,11872,670946793,672340566,3644834,8000,1821564,8624588
2025-12-31T08:23:38Z,eth0,134134285703,671187728,134854298203,675515598,479569920,933985620,622784765,11919,671179155,672584176,3664282,8000,1828448,8629892
2025-12-31T08:23:39Z,eth0,134167056923,671439261,134889460324,675800678,479774474,934390582,623098017,11979,671432166,672854037,3682729,8000,1835136,8640416
2025-12-31T08:23:41Z,eth0,134197472979,671675925,134923776054,676076113,479999381,934778768,623392626,12037,671670206,673111102,3701964,8000,1844368,8647296
2025-12-31T08:23:42Z,eth0,134227490021,671907893,134958540845,676355023,480260735,935178299,623692530,12104,671906185,673370600,3721174,8000,1849136,8664256
2025-12-31T08:23:43Z,eth0,134259875457,672156206,134995859391,676659941,480498823,935605991,624021445,12157,672147785,673658250,3734779,8000,1848960,8663044
2025-12-31T08:23:44Z,eth0,134291038594,672396204,135030138079,676938303,480678298,935994809,624321356,12226,672389711,673923239,3753159,8000,1853396,8669408
2025-12-31T08:23:45Z,eth0,134321682289,672633287,135064098807,677212032,480890874,936377024,624611927,12293,672627023,674175831,3772070,8000,1848620,8664524
2025-12-31T08:23:46Z,eth0,134351746546,672867031,135098409584,677490302,481151945,936771760,624911693,12356,672861757,674433899,3791354,8000,1848400,8663308
2025-12-31T08:23:47Z,eth0,134382697188,673104865,135134883760,677790118,481371506,937188781,625230605,12397,673095830,674717864,3804786,8000,1859048,8672440
2025-12-31T08:23:48Z,eth0,134412802407,673337297,135167493139,678058097,481545949,937559556,625514924,12473,673331758,674971767,3823431,8000,1863916,8676676
2025-12-31T08:23:50Z,eth0,134443316514,673571135,135203298000,678348211,481782204,937966075,625825028,12516,673562073,675243549,3837165,8000,1855000,8649948
2025-12-31T08:23:51Z,eth0,134475612823,673819496,135239411066,678639728,482035633,938378122,626140673,12571,673810364,675516030,3856276,8000,1861080,8675672
2025-12-31T08:23:52Z,eth0,134503595838,674035162,135271134691,678896587,482215208,938742332,626420881,12627,674034677,675760869,3874173,8000,1866380,8686656
2025-12-31T08:23:53Z,eth0,134535917774,674284566,135307731541,679192680,482451407,939160196,626742034,12669,674275554,676036766,3888514,8000,1870616,8692696
2025-12-31T08:23:54Z,eth0,134568584087,674535708,135343994120,679488977,482669070,939574216,627060363,12733,674528795,676318750,3907489,8000,1881860,8708704
2025-12-31T08:23:55Z,eth0,134598252701,674768029,135377353235,679752411,482969132,939955470,627347912,12800,674758773,676557979,3926833,8000,1881024,8704896
2025-12-31T08:23:56Z,eth0,134629836979,675011096,135411248255,680026485,483165393,940344959,627650360,12857,675004488,676817597,3945081,8000,1886872,8719680
2025-12-31T08:23:57Z,eth0,134659751836,675242471,135445536095,680304498,483417930,940735314,627948101,12925,675238341,677075627,3964240,8000,1889404,8716884
2025-12-31T08:23:59Z,eth0,134690390225,675477939,135480417203,680586502,483686440,941143151,628260048,12971,675469986,677341515,3978746,8000,1886556,8709412
2025-12-31T08:24:00Z,eth0,134721698354,675720799,135515561273,680870093,483931748,941544218,628565807,13035,675712697,677606438,3997268,8000,1888852,8709720
2025-12-31T08:24:01Z,eth0,134753506436,675967665,135551279972,681157771,484181679,941952938,628878311,13097,675958964,677875033,4015750,8000,1896792,8723584
2025-12-31T08:24:02Z,eth0,134785391695,676212867,135586367325,681447201,484343180,942350356,629185066,13160,676207284,678150867,4034067,8000,1903848,8748080
2025-12-31T08:24:03Z,eth0,134817246289,676458959,135622222059,681736164,484623548,942765570,629497863,13217,676451632,678419256,4053258,8000,1912968,8761912
2025-12-31T08:24:04Z,eth0,134847337398,676691967,135656060413,682008203,484849409,943147417,629788936,13277,676686800,678671915,4072158,8000,1921272,8776084
2025-12-31T08:24:05Z,eth0,134877900418,676927821,135691885294,682299512,485112597,943560784,630104177,13331,676925277,678947001,4090253,8000,1928228,8782392
2025-12-31T08:24:07Z,eth0,134910694114,677179254,135729100328,682604228,485289373,943979938,630426166,13377,677172070,679234517,4104702,8000,1920752,8769728
2025-12-31T08:24:08Z,eth0,134940859063,677413340,135761751584,682869210,485506767,944358226,630714702,13456,677407185,679482411,4123363,8000,1939524,8792776
2025-12-31T08:24:09Z,eth0,134970624520,677643727,135795921684,683146066,485724398,944743263,631007656,13511,677640608,679740684,4142404,8000,1941144,8776628
2025-12-31T08:24:10Z,eth0,135003251490,677893040,135833967346,683454782,485958234,945174269,631338343,13551,677886491,680034241,4156079,8000,1947656,8803636
2025-12-31T08:24:11Z,eth0,135034286202,678133256,135867238452,683725055,486177867,945558425,631633090,13625,678127670,680288144,4174782,8000,1953212,8813484
2025-12-31T08:24:12Z,eth0,135065434214,678374491,135902068056,684007443,486430861,945957831,631936800,13693,678367539,680549216,4193853,8000,1956856,8817676
2025-12-31T08:24:13Z,eth0,135095262200,678603554,135937599003,684296183,486683499,946364904,632245792,13741,678595395,680822005,4208424,8000,1956280,8814364
2025-12-31T08:24:14Z,eth0,135127154881,678850898,135973298921,684582832,486922998,946772037,632558233,13800,678842051,681089432,4226456,8000,1970520,8846296
2025-12-31T08:24:16Z,eth0,135158433432,679093805,136007899819,684859921,487215869,947172117,632863436,13864,679085590,681347874,4245766,8000,1980460,8837868
2025-12-31T08:24:17Z,eth0,135190507398,679341321,136043377053,685139218,487545336,947581746,633174400,13918,679332752,681604563,4268044,8000,1985636,8847768
2025-12-31T08:24:18Z,eth0,135219405427,679564531,136074824584,685390237,487865020,947954109,633457688,13974,679555821,681836581,4286898,8000,1982956,8841684
2025-12-31T08:24:19Z,eth0,135252179189,679814228,136111286927,685685210,488053843,948365482,633774376,14025,679806717,682115073,4304973,8000,1999020,8869920
2025-12-31T08:24:20Z,eth0,135281449649,680040882,136144141984,685950730,488265258,948740976,634060504,14088,680037493,682364193,4323595,8000,2005996,8880464
2025-12-31T08:24:21Z,eth0,135314868199,680300033,136180595293,686245284,488544000,949159725,634378618,14151,680292868,682639606,4342645,8000,2018944,8907668
2025-12-31T08:24:22Z,eth0,135343941465,680523539,136215091867,686520385,488762719,949551087,634676713,14179,680515030,682897899,4356022,8000,2024864,8910396
2025-12-31T08:24:23Z,eth0,135376816512,680777619,136251948575,686815738,488980011,949962049,634990315,14237,680768395,683173583,4375135,8000,2026804,8909104
2025-12-31T08:24:25Z,eth0,135405869111,681000418,136284110965,687076552,489158826,950330811,635274772,14289,680998327,683420706,4393581,8000,2029416,8895168
2025-12-31T08:24:26Z,eth0,135437137428,681240385,136319321787,687361144,489403871,950736630,635585040,14332,681231679,683687236,4407315,8000,2031852,8916568
2025-12-31T08:24:27Z,eth0,135470274296,681495937,136356786979,687664698,489613601,951156875,635907433,14393,681488131,683973006,4426481,8000,2038364,8935084
2025-12-31T08:24:28Z,eth0,135500180640,681726814,136389157534,687926057,489823561,951528792,636191897,14456,681720730,684216300,4445130,8000,2045460,8930068
2025-12-31T08:24:29Z,eth0,135531606520,681970710,136424631188,688209909,490158254,951940105,636501308,14523,681961652,684478418,4464615,8000,2057984,8961928
2025-12-31T08:24:30Z,eth0,135560864850,682196969,136457204830,688473643,490319998,952308381,636783793,14581,682191952,684725834,4482921,8000,2071104,8969012
2025-12-31T08:24:31Z,eth0,135591524807,682432930,136492627972,688758534,490547455,952710447,637092758,14629,682423709,684994857,4496648,8000,2075304,8973376
2025-12-31T08:24:32Z,eth0,135624192175,682684713,136528445447,689052049,490707246,953114388,637404406,14692,682678064,685273096,4515354,8000,2088024,8989296
2025-12-31T08:24:34Z,eth0,135655854012,682929723,136563628780,689332885,490981634,953520420,637714184,14754,682924029,685535254,4534491,8000,2091208,8987204
2025-12-31T08:24:35Z,eth0,135687445785,683174987,136598940061,689617019,491254656,953926246,638023694,14805,683169145,685800975,4553392,8000,2093316,8995100
2025-12-31T08:24:36Z,eth0,135719444257,683419279,136634608400,689907314,491512211,954341485,638342891,14865,683412947,686075443,4570920,8000,2110264,9023304
2025-12-31T08:24:37Z,eth0,135750159350,683658853,136669347582,690187263,491780014,954741773,638645610,14919,683652054,686333628,4589975,8000,2116636,9030132
2025-12-31T08:24:38Z,eth0,135781638873,683904102,136705039623,690472638,492041624,955148410,638956885,14978,683896941,686601379,4609077,8000,2121860,9029092
2025-12-31T08:24:39Z,eth0,135812336269,684140913,136740166044,690751682,492310625,955549310,639260383,15037,684132939,686858815,4627432,8000,2141520,9054844
2025-12-31T08:24:40Z,eth0,135842807447,684378283,136771966975,691003254,492672984,955929064,639547625,15099,684373980,687089515,4650110,8000,2148120,9065976
2025-12-31T08:24:42Z,eth0,135873099243,684611372,136806806784,691284799,492948384,956339198,639861527,15145,684610364,687358427,4666509,8000,2149500,9057040
2025-12-31T08:24:43Z,eth0,135904705366,684856264,136842765065,691576527,493149725,956743996,640167716,15200,684847107,687627177,4682536,8000,2173928,9095968
2025-12-31T08:24:44Z,eth0,135936899732,685105548,136878858875,691865855,493405176,957155794,640483607,15259,685097209,687898270,4701638,8000,2187992,9117364
2025-12-31T08:24:45Z,eth0,135968951402,685352201,136914551754,692152566,493597089,957556370,640792867,15323,685345309,688169987,4720400,8000,2194364,9120748
2025-12-31T08:24:46Z,eth0,135998746875,685583934,136947193194,692419185,493823122,957932238,641078040,15386,685578039,688418864,4738918,8000,2200248,9144100
2025-12-31T08:24:47Z,eth0,136029565658,685819200,136982501106,692709378,494071439,958340323,641389539,15445,685816716,688689015,4757708,8000,2207044,9144572
2025-12-31T08:24:48Z,eth0,136061696145,686066168,137018850388,693006682,494191489,958746842,641704981,15498,686059451,688972675,4770696,8000,2213244,9153380
2025-12-31T08:24:49Z,eth0,136093076052,686308773,137053167055,693279528,494470374,959146420,642010785,15549,686302597,689227171,4789644,8000,2213976,9151748
2025-12-31T08:24:51Z,eth0,136122988051,686542575,137086854158,693550763,494720586,959531395,642303252,15605,686536115,689479564,4808795,8000,2215976,9150352
2025-12-31T08:24:52Z,eth0,136154368670,686782487,137124374721,693860076,494931918,959959425,642630454,15648,686773647,689771428,4822382,8000,2215796,9136668
2025-12-31T08:24:53Z,eth0,136184822542,687018826,137157482558,694129443,495134205,960339928,642924176,15706,687012337,690025778,4840817,8000,2217792,9151772
2025-12-31T08:24:54Z,eth0,136216198486,687259843,137192171062,694412551,495395698,960742533,643230363,15762,687252916,690289462,4859863,8000,2227292,9165872
2025-12-31T08:24:55Z,eth0,136248366921,687509306,137228009036,694697801,495657570,961156347,643548049,15825,687501975,690555620,4879005,8000,2236992,9171164
2025-12-31T08:24:56Z,eth0,136279301480,687749873,137262734328,694977169,495904536,961553797,643849701,15880,687743489,690816259,4897960,8000,2255216,9202628
2025-12-31T08:24:57Z,eth0,136309510250,687985735,137296700537,695251578,496168486,961944390,644145545,15944,687979811,691072237,4917134,8000,2253296,9197972
2025-12-31T08:24:59Z,eth0,136341668121,688234549,137332346307,695538233,496459647,962357852,644460594,16007,688227998,691339619,4936273,8000,2248916,9183572
2025-12-31T08:25:00Z,eth0,136372044023,688468566,137366318562,695813150,496688928,962743389,644754962,16078,688464103,691595746,4955298,8000,2256828,9203764
2025-12-31T08:25:01Z,eth0,136403838381,688712979,137404383800,696121284,496887298,963167824,645079924,16120,688703862,691886015,4968892,8000,2259944,9213344
2025-12-31T08:25:02Z,eth0,136433698890,688942671,137435733002,696375172,497078772,963530266,645360364,16198,688936162,692124911,4987351,8000,2260720,9210340
2025-12-31T08:25:03Z,eth0,136463867365,689174909,137471957125,696668885,497301407,963942647,645675959,16244,689166189,692401961,5000808,8000,2264904,9226612
2025-12-31T08:25:04Z,eth0,136495563200,689420947,137507441840,696953074,497524652,964340040,645979642,16329,689411949,692666788,5019974,8000,2266928,9228732
2025-12-31T08:25:05Z,eth0,136525599655,689652392,137539710292,697217181,497729468,964710014,646263447,16407,689646025,692915948,5038549,8000,2271848,9242968
2025-12-31T08:25:06Z,eth0,136554735622,689876420,137574206507,697493749,497957128,965105063,646567183,16454,689872939,693176834,5054985,8000,2281556,9252920
2025-12-31T08:25:08Z,eth0,136587614098,690129973,137611255089,697795749,498176810,965526041,646889473,16521,690120694,693457892,5071230,8000,2287040,9256304
2025-12-31T08:25:09Z,eth0,136617959270,690364802,137644664770,698060363,498418686,965908901,647182968,16569,690355481,693703523,5090241,8000,2297152,9267940
2025-12-31T08:25:10Z,eth0,136646497465,690583652,137676568147,698318681,498644972,966280659,647469190,16616,690586384,693951541,5108529,8000,2302016,9275528
2025-12-31T08:25:11Z,eth0,136679720313,690838718,137714726485,698633611,498844955,966709785,647796784,16660,690830039,694245548,5122197,8000,2306016,9274776
2025-12-31T08:25:12Z,eth0,136708237426,691059589,137746429416,698888888,499007103,967066812,648072145,16717,691056244,694484606,5140951,8000,2307172,9279884
2025-12-31T08:25:13Z,eth0,136741360248,691314332,137783176825,699187365,499297089,967493286,648396757,16776,691310798,694764064,5159917,8000,2308536,9287760
2025-12-31T08:25:14Z,eth0,136770647590,691539230,137817211563,699465779,499490455,967879438,648689828,16813,691529953,695025879,5173384,8000,2313524,9292312
2025-12-31T08:25:15Z,eth0,136803546232,691792994,137853450531,699760705,499659562,968292302,649010153,16887,691786918,695306754,5191942,8000,2316732,9302320
2025-12-31T08:25:17Z,eth0,136834297398,692031455,137889080178,700049815,499922018,968697341,649317336,16949,692027594,695575048,5211316,8000,2321408,9299052
2025-12-31T08:25:18Z,eth0,136867003021,692283007,137925529078,700343770,500206650,969116746,649637045,17009,692281153,695851877,5230431,8000,2316840,9300760
2025-12-31T08:25:19Z,eth0,136899393170,692535029,137961314072,700630184,500471663,969521893,649947613,17062,692527809,696118586,5249348,8000,2319760,9308876
2025-12-31T08:25:20Z,eth0,136928782765,692764313,137994169485,700890332,500691867,969895928,650234410,17131,692759884,696358286,5268221,8000,2323576,9313932
2025-12-31T08:25:21Z,eth0,136959758921,693003205,138029045196,701174638,500940461,970295030,650537015,17192,693001324,696625430,5287434,8000,2327320,9324708
2025-12-31T08:25:22Z,eth0,136992180506,693252143,138066619686,701480285,501169342,970722250,650865277,17245,693242898,696912927,5301077,8000,2329916,9323288
2025-12-31T08:25:23Z,eth0,137021719617,693477099,138099296747,701741565,501336168,971096647,651156269,17287,693468832,697161946,5314256,8000,2332056,9333572
2025-12-31T08:25:25Z,eth0,137052396540,693715444,138133602867,702017400,501577056,971482413,651449955,17358,693706443,697418162,5333152,8000,2340796,9348948
2025-12-31T08:25:26Z,eth0,137085908314,693972271,138170184365,702321068,501749086,971902436,651774308,17432,693965204,697706957,5351663,8000,2338412,9337848
2025-12-31T08:25:27Z,eth0,137116509539,694209954,138204593262,702597357,502009380,972293120,652070473,17504,694203841,697963700,5370902,8000,2351664,9356504
2025-12-31T08:25:28Z,eth0,137146167362,694438506,138239886576,702881855,502225112,972693807,652376730,17543,694429263,698231248,5384310,8000,2348228,9344780
2025-12-31T08:25:29Z,eth0,137178442278,694686821,138275104818,703172727,502417959,973097342,652687232,17602,694680017,698507395,5402753,8000,2351208,9361972
2025-12-31T08:25:30Z,eth0,137209655957,694928385,138309891243,703452756,502664488,973494998,652990771,17652,694922398,698768919,5421853,8000,2348880,9361744
2025-12-31T08:25:31Z,eth0,137241250963,695172438,138345390601,703740134,502942037,973904011,653302794,17702,695165281,699037900,5440703,8000,2355132,9372080
2025-12-31T08:25:32Z,eth0,137272240681,695413786,138379840465,704013233,503168861,974296586,653604749,17755,695407851,699292196,5459291,8000,2354388,9358852
2025-12-31T08:25:34Z,eth0,137303562814,695656183,138415745027,704299426,503464905,974704782,653913290,17813,695648614,699556367,5478877,8000,2357928,9372476
2025-12-31T08:25:35Z,eth0,137334257849,695893177,138448964781,704572279,503714049,975093676,654210225,17879,695886116,699813636,5497408,8000,2362800,9370832
2025-12-31T08:25:36Z,eth0,137363184281,696119191,138481874129,704834680,503899775,975456596,654487486,17944,696114633,700055265,5516276,8000,2362860,9379696
2025-12-31T08:25:37Z,eth0,137396747890,696373676,138520801875,705153191,504069941,975897656,654828008,17989,696366711,700361621,5529782,8000,2365364,9389728
2025-12-31T08:25:38Z,eth0,137426212699,696604406,138553030435,705408571,504447189,976276813,655111195,18054,696601452,700595811,5551788,8000,2374396,9403176
2025-12-31T08:25:39Z,eth0,137458309698,696851158,138589514628,705705623,504706245,976695224,655428647,18109,696842758,700873297,5567022,8000,2390200,9420652
2025-12-31T08:25:40Z,eth0,137490681418,697105610,138624302542,705980900,504986902,977089165,655730566,18187,697100890,701128840,5591588,8000,2392272,9414288
2025-12-31T08:25:42Z,eth0,137522795762,697354466,138660189016,706274005,505264239,977503715,656047363,18254,697347816,701401406,5610502,8000,2397648,9423692
2025-12-31T08:25:43Z,eth0,137553170843,697586833,138695577730,706562208,505520613,977913743,656359817,18303,697584121,701673186,5628106,8000,2399084,9427732
2025-12-31T08:25:44Z,eth0,137583770158,697824553,138730382656,706841690,505765617,978312813,656661410,18352,697815787,701932506,5643563,8000,2402916,9435664
2025-12-31T08:25:45Z,eth0,137617204402,698082827,138766025242,707127548,506043410,978721558,656975049,18427,698077160,702198009,5666542,8000,2412532,9449800
2025-12-31T08:25:46Z,eth0,137647876482,698317531,138801544917,707414416,506292971,979132960,657290542,18467,698309692,702469214,5680545,8000,2413524,9451380
2025-12-31T08:25:47Z,eth0,137679169082,698560975,138837157706,707700982,506470222,979524524,657588935,18523,698551554,702735690,5699069,8000,2416680,9456380
2025-12-31T08:25:48Z,eth0,137708536303,698784831,138870156951,707970966,506645784,979906254,657883920,18584,698781967,702994595,5715672,8000,2419024,9461308
2025-12-31T08:25:50Z,eth0,137741919797,699042062,138908470605,708284336,506834983,980334220,658212901,18636,699035004,703289508,5731228,8000,2427032,9472012
2025-12-31T08:25:51Z,eth0,137772757675,699281237,138941522551,708549614,507055884,980715251,658505003,18703,699275023,703537867,5749763,8000,2423252,9471344
2025-12-31T08:25:52Z,eth0,137801714321,699503414,138975747154,708828953,507290970,981106743,658800541,18743,699494300,703799871,5763218,8000,2422632,9469396
2025-12-31T08:25:53Z,eth0,137834328452,699754726,139011842607,709119991,507573053,981521138,659118381,18797,699746244,704072400,5782374,8000,2425428,9467796
2025-12-31T08:25:54Z,eth0,137866714062,700003825,139048019308,709408180,507758778,981918273,659424817,18849,699996022,704342435,5801567,8000,2431040,9494732
2025-12-31T08:25:55Z,eth0,137896226396,700232699,139080450098,709673171,508012606,982295792,659712022,18909,700226749,704589645,5819961,8000,2441336,9507032
2025-12-31T08:25:56Z,eth0,137928117468,700479191,139115718673,709958910,508263251,982698985,660019686,18969,700473622,704859092,5838759,8000,2438404,9501724
2025-12-31T08:25:57Z,eth0,137959353592,700718348,139152266433,710251602,508472916,983113462,660337824,19002,700709884,705134260,5852304,8000,2444792,9505076
2025-12-31T08:25:59Z,eth0,137990673297,700960505,139187185500,710530354,508692043,983507786,660641888,19063,700952634,705394332,5871741,8000,2455452,9521316
2025-12-31T08:26:00Z,eth0,138021642564,701200576,139221315487,710803448,508957460,983902221,660944150,19133,701193301,705651073,5890604,8000,2450340,9509572
2025-12-31T08:26:01Z,eth0,138051495452,701431425,139254872922,711069444,509255690,984284654,661231418,19189,701422008,705895086,5908428,8000,2456204,9522704
2025-12-31T08:26:02Z,eth0,138082810672,701671912,139288401511,711338485,509463221,984670450,661529861,19252,701665795,706151705,5926886,8000,2460452,9530876
2025-12-31T08:26:03Z,eth0,138114216190,701914488,139323061222,711614422,509693124,985065117,661831971,19295,701907720,706409053,5945011,8000,2464168,9526300
2025-12-31T08:26:04Z,eth0,138144398503,702149137,139356499818,711882849,509926304,985447063,662123176,19347,702142356,706656128,5964080,8000,2473616,9551600
2025-12-31T08:26:05Z,eth0,138174508612,702383016,139390879009,712159260,510171760,985837232,662420429,19411,702378631,706912784,5983315,8000,2482724,9557412
2025-12-31T08:26:06Z,eth0,138207809637,702636159,139429435830,712474096,510377272,986273115,662754232,19441,702627284,707211968,5996809,8000,2485020,9561000
2025-12-31T08:26:07Z,eth0,138237126883,702863363,139460994576,712728221,510569084,986634194,663030269,19506,702857426,707451484,6015457,8000,2492456,9573664
2025-12-31T08:26:09Z,eth0,138268397105,703102476,139497622906,713025553,510808496,987052867,663351199,19550,703093454,707730945,6029098,8000,2497732,9575696
2025-12-31T08:26:10Z,eth0,138297159305,703326320,139529432360,713278655,511117948,987420241,663627445,19601,703317070,707964874,6048046,8000,2497668,9577800
2025-12-31T08:26:11Z,eth0,138330944607,703585913,139566358710,713581165,511319844,987841057,663951262,19665,703578167,708252048,6066594,8000,2499088,9574888
2025-12-31T08:26:12Z,eth0,138360608653,703815026,139600622625,713855712,511562809,988231044,664249859,19720,703812281,708508918,6085604,8000,2496780,9566152
2025-12-31T08:26:13Z,eth0,138393681372,704071077,139636287804,714141741,511846500,988643091,664564352,19790,704064083,708776047,6104803,8000,2497492,9564792
2025-12-31T08:26:14Z,eth0,138423190754,704300688,139669226135,714404234,512068832,989010484,664843173,19851,704293706,709018303,6123273,8000,2503748,9587532
2025-12-31T08:26:15Z,eth0,138454569455,704540343,139706631646,714711597,512295071,989435909,665169721,19906,704532079,709310133,6136861,8000,2507484,9594272
2025-12-31T08:26:16Z,eth0,138486215288,704785947,139739599331,714974167,512599939,989820789,665462264,19981,704781860,709554510,6160104,8000,2505364,9591612
2025-12-31T08:26:18Z,eth0,138517240265,705025296,139777272597,715280670,512787317,990239179,665781049,20029,705015968,709841232,6173779,8000,2521860,9610772
2025-12-31T08:26:19Z,eth0,138547330825,705256462,139810102741,715546461,513007110,990617872,666071599,20085,705251072,710090958,6192237,8000,2520284,9601296
2025-12-31T08:26:20Z,eth0,138577961156,705491451,139845183102,715831084,513253035,991021543,666380154,20142,705489433,710360881,6209990,8000,2527872,9616940
2025-12-31T08:26:21Z,eth0,138609676503,705739522,139879437683,716105781,513472773,991405285,666672379,20207,705734875,710614568,6230341,8000,2541712,9646100
2025-12-31T08:26:22Z,eth0,138642349816,705986945,139917276313,716423286,513636904,991840692,667006846,20247,705980093,710918970,6243186,8000,2550476,9655324
2025-12-31T08:26:23Z,eth0,138673949887,706231723,139953362783,716709677,513913958,992247598,667318463,20297,706224676,711183796,6262878,8000,2552012,9665360
2025-12-31T08:26:24Z,eth0,138703619501,706460673,139985449413,716970302,514139399,992618608,667599702,20366,706454624,711426202,6281325,8000,2562528,9679984
2025-12-31T08:26:26Z,eth0,138735198088,706702043,140021984306,717270938,514269260,993033929,667920184,20408,706696439,711715830,6294213,8000,2578036,9692264
2025-12-31T08:26:27Z,eth0,138765926209,706939786,140056706939,717549296,514518873,993430085,668221364,20470,706934428,711973459,6313357,8000,2571724,9665796
2025-12-31T08:26:28Z,eth0,138797548320,707184247,140092323723,717836122,514800663,993841688,668534866,20530,707180361,712240949,6332546,8000,2582652,9698272
2025-12-31T08:26:29Z,eth0,138829056155,707429845,140127298993,718118139,515021456,994236404,668835004,20588,707423221,712505995,6351426,8000,2593948,9718424
2025-12-31T08:26:30Z,eth0,138858811915,707658128,140162452275,718404668,515282498,994643247,669145465,20631,707649571,712774599,6365301,8000,2594212,9716988
2025-12-31T08:26:31Z,eth0,138891951480,707913890,140199459299,718704145,515520557,995066168,669470109,20689,707905004,713055159,6384029,8000,2599216,9717092
2025-12-31T08:26:32Z,eth0,138921925019,708144849,140231869127,718965420,515689380,995431902,669753112,20753,708139420,713302170,6402447,8000,2601900,9728496
2025-12-31T08:26:34Z,eth0,138952745753,708381538,140268631108,719268489,515903435,995849543,670073218,20800,708372242,713586941,6416148,8000,2605060,9735164
2025-12-31T08:26:35Z,eth0,138983360019,708616856,140302280920,719542392,516103354,996233146,670369784,20858,708615148,713847080,6434846,8000,2600612,9728672
2025-12-31T08:26:36Z,eth0,139014784237,708860076,140336915712,719818043,516348899,996627954,670672094,20918,708855740,714101851,6453824,8000,2598100,9717580
2025-12-31T08:26:37Z,eth0,139045433890,709096743,140371409407,720090190,516718677,997034197,670978120,20962,709087669,714353214,6471758,8000,2607804,9741888
